{
  "summary": {
    "total_payments": 500,
    "total_duration": 3.075047,
    "average_rate": 162.59914076110056,
    "error_count": 0
  },
  "grid_metrics": {
    "routes": {
      "high-value-sepa": {
        "count": 50,
        "avg_time": 6.196022033691406e-05,
        "median": 3.707408905029297e-05,
        "p95": 7.781982421875e-05,
        "percentage": 10.0
      },
      "normal-rtp": {
        "count": 79,
        "avg_time": 4.542326625389389e-05,
        "median": 3.504753112792969e-05,
        "p95": 8.75473022460937e-05,
        "percentage": 15.8
      },
      "alt-crypto": {
        "count": 40,
        "avg_time": 4.751682281494141e-05,
        "median": 4.0411949157714844e-05,
        "p95": 0.00010050535202026363,
        "percentage": 8.0
      },
      "high-value-swift": {
        "count": 89,
        "avg_time": 3.967660196711508e-05,
        "median": 3.218650817871094e-05,
        "p95": 8.463859558105463e-05,
        "percentage": 17.8
      },
      "normal-swift": {
        "count": 8,
        "avg_time": 4.8547983169555664e-05,
        "median": 4.589557647705078e-05,
        "p95": 7.157325744628905e-05,
        "percentage": 1.6
      },
      "normal-sepa": {
        "count": 36,
        "avg_time": 3.482898076375326e-05,
        "median": 3.314018249511719e-05,
        "p95": 6.031990051269531e-05,
        "percentage": 7.199999999999999
      },
      "major-crypto": {
        "count": 46,
        "avg_time": 4.7585238581118375e-05,
        "median": 3.3855438232421875e-05,
        "p95": 0.0001220703125,
        "percentage": 9.2
      },
      "high-value-ach": {
        "count": 35,
        "avg_time": 4.1178294590541297e-05,
        "median": 3.695487976074219e-05,
        "p95": 7.359981536865234e-05,
        "percentage": 7.000000000000001
      },
      "normal-ach": {
        "count": 32,
        "avg_time": 3.8176774978637695e-05,
        "median": 3.552436828613281e-05,
        "p95": 6.949901580810547e-05,
        "percentage": 6.4
      },
      "high-value-wire": {
        "count": 79,
        "avg_time": 4.382374920422518e-05,
        "median": 3.600120544433594e-05,
        "p95": 9.894371032714833e-05,
        "percentage": 15.8
      },
      "normal-wire": {
        "count": 6,
        "avg_time": 3.667672475179037e-05,
        "median": 3.3020973205566406e-05,
        "p95": 5.2809715270996094e-05,
        "percentage": 1.2
      }
    },
    "databases": {
      "postgres": {
        "SEPA": {
          "avg_time": 0.3095499277114868,
          "median": 0.15124928951263428,
          "p95": 1.0273584127426147
        },
        "CRYPTO": {
          "avg_time": 0.2698429628860119,
          "median": 0.1172335147857666,
          "p95": 1.0214258432388306
        },
        "SWIFT": {
          "avg_time": 0.30380570519830763,
          "median": 0.1521289348602295,
          "p95": 1.0268765926361083
        },
        "RTP": {
          "avg_time": 0.2398411201525338,
          "median": 0.1289501190185547,
          "p95": 0.9795675754547118
        },
        "ACH": {
          "avg_time": 0.21817561049959552,
          "median": 0.09642720222473145,
          "p95": 0.9893739461898803
        },
        "WIRE": {
          "avg_time": 0.26161788491641774,
          "median": 0.11156129837036133,
          "p95": 0.9591823577880858
        }
      },
      "mongodb": {
        "SEPA": {
          "avg_time": 0.026853195456571357,
          "median": 0.017534971237182617,
          "p95": 0.03190034627914429
        },
        "CRYPTO": {
          "avg_time": 0.01892808426258176,
          "median": 0.01777791976928711,
          "p95": 0.029121875762939453
        },
        "RTP": {
          "avg_time": 0.019098767751379857,
          "median": 0.01756596565246582,
          "p95": 0.031492018699645984
        },
        "SWIFT": {
          "avg_time": 0.019551304197802988,
          "median": 0.017878055572509766,
          "p95": 0.03174834251403807
        },
        "ACH": {
          "avg_time": 0.019748986656986066,
          "median": 0.018221139907836914,
          "p95": 0.031607007980346664
        },
        "WIRE": {
          "avg_time": 0.019254849938785328,
          "median": 0.017500877380371094,
          "p95": 0.03813800811767577
        }
      },
      "redis": {
        "SEPA": {
          "avg_time": 0.025876921276713528,
          "median": 0.019424080848693848,
          "p95": 0.08280211687088013
        },
        "RTP": {
          "avg_time": 0.023065805435180664,
          "median": 0.021769046783447266,
          "p95": 0.04076602458953856
        },
        "CRYPTO": {
          "avg_time": 0.02922931382822436,
          "median": 0.018157124519348145,
          "p95": 0.07003265619277954
        },
        "SWIFT": {
          "avg_time": 0.030698928636373933,
          "median": 0.020965099334716797,
          "p95": 0.08892874717712401
        },
        "ACH": {
          "avg_time": 0.023722033002483312,
          "median": 0.020577669143676758,
          "p95": 0.039336538314819314
        },
        "WIRE": {
          "avg_time": 0.02910016564761891,
          "median": 0.024858951568603516,
          "p95": 0.09141597747802735
        }
      }
    },
    "kafka": {
      "normal-sepa": {
        "avg_time": 0.15019783046510485,
        "median": 0.07491099834442139,
        "p95": 0.6664832830429077
      },
      "normal-rtp": {
        "avg_time": 0.1658743152135535,
        "median": 0.06547093391418457,
        "p95": 0.691284704208374
      },
      "normal-swift": {
        "avg_time": 0.13593783974647522,
        "median": 0.06554937362670898,
        "p95": 0.45077581405639616
      },
      "alt-crypto": {
        "avg_time": 0.22772454619407653,
        "median": 0.08479094505310059,
        "p95": 0.7002152204513549
      },
      "high-value-sepa": {
        "avg_time": 0.2603633117675781,
        "median": 0.07269811630249023,
        "p95": 0.7075660228729248
      },
      "high-value-swift": {
        "avg_time": 0.20803208029672002,
        "median": 0.07414793968200684,
        "p95": 0.7019718647003174
      },
      "major-crypto": {
        "avg_time": 0.15079205450804337,
        "median": 0.07056272029876709,
        "p95": 0.6794468760490417
      },
      "normal-ach": {
        "avg_time": 0.17927168309688568,
        "median": 0.06809687614440918,
        "p95": 0.6847545504570007
      },
      "high-value-ach": {
        "avg_time": 0.13162275041852678,
        "median": 0.057828664779663086,
        "p95": 0.691461968421936
      },
      "normal-wire": {
        "avg_time": 0.2754698594411214,
        "median": 0.1267702579498291,
        "p95": 0.6529962420463562
      },
      "high-value-wire": {
        "avg_time": 0.18608366085004202,
        "median": 0.07151603698730469,
        "p95": 0.696295404434204
      }
    }
  },
  "summary_tables": {
    "routing_grid": "| Route | Count | Avg (ms) | Median (ms) | P95 (ms) | % |\n|---|---|---|---|---|---|\n| alt-crypto | 40 | 0.05 | 0.04 | 0.10 | 8.0 |\n| high-value-ach | 35 | 0.04 | 0.04 | 0.07 | 7.0 |\n| high-value-sepa | 50 | 0.06 | 0.04 | 0.08 | 10.0 |\n| high-value-swift | 89 | 0.04 | 0.03 | 0.08 | 17.8 |\n| high-value-wire | 79 | 0.04 | 0.04 | 0.10 | 15.8 |\n| major-crypto | 46 | 0.05 | 0.03 | 0.12 | 9.2 |\n| normal-ach | 32 | 0.04 | 0.04 | 0.07 | 6.4 |\n| normal-rtp | 79 | 0.05 | 0.04 | 0.09 | 15.8 |\n| normal-sepa | 36 | 0.03 | 0.03 | 0.06 | 7.2 |\n| normal-swift | 8 | 0.05 | 0.05 | 0.07 | 1.6 |\n| normal-wire | 6 | 0.04 | 0.03 | 0.05 | 1.2 |",